{
    "planet" : "Mercury",
    "mass" : 3.301e23,
    "diameter" : 4879.0,
    "texture" : "../assets/mercury.jpg",
    "hasBcsf" : false,
    "color" : {
        "r" : 0.502,
        "g" : 0.502,
        "b" : 0.502
    },
    "elements" : {
        "start" : {
            "a" : 0.38709843,
            "e" : 0.20563661,
            "I" : 7.00559432,
            "L" : 252.25166724,
            "lp" : 77.45771895,
            "ln" : 48.33961819
        },
        "diff" : {
            "a" : 0.00000000,
            "e" : 0.00002123,
            "I" : -0.00590158,
            "L" : 149472.67486623,
            "lp" : 0.15940013,
            "ln" : -0.12214182
        }
    }
}
