{
    "planet" : "Venus",
    "mass" : 4.867e23,
    "diameter" : 12104.0,
    "texture" : "assets/venus.jpg",
    "elements" : {
        "start" : {
            "a" : 0.72332102,
            "e" : 0.00676399,
            "I" : 3.39777545,
            "L" : 181.97970850,
            "lp" : 131.76755713,
            "ln" : 76.67261496
        },
        "diff" : {
            "a" : -0.00000026,
            "e" : -0.00005107,
            "I" :   0.00043494,
            "L" : 58517.81560260,
            "lp" : 0.05679648,
            "ln" : -0.27274174
        }
    }
}
