{
    "planet" : "Earth",
    "mass" : 5.972e24,
    "diameter" : 12756.0,
    "texture" : "../assets/earth.jpg",
    "hasBcsf" : false,
    "color" : {
        "r" : 0.133,
        "g" : 0.545,
        "b" : 0.133
    },
    "elements" : {
        "start" : {
            "a" : 1.00000018,
            "e" : 0.01673163,
            "I" : -0.00054346,
            "L" : 100.46691572,
            "lp" : 102.93005885,
            "ln" : -5.11260389
        },
        "diff" : {
            "a" : -0.00000003,
            "e" : -0.00003661,
            "I" :  -0.01337178,
            "L" :  35999.37306329,
            "lp" : 0.31795260,
            "ln" : -0.24123856
        }
    }
}
