{
    "planet" : "Mars",
    "mass" : 6.417e23,
    "diameter" : 6792.0,
    "texture" : "../assets/mars.jpg",
    "hasBcsf" : false,
    "orbitPeriod" : 687,
    "color" : {
        "r" : 0.6,
        "g" : 0.396,
        "b" : 0.082
    },
    "elements" : {
        "start" : {
            "a" : 1.52371243,
            "e" : 0.09336511,
            "I" : 1.85181869,
            "L" : -4.56813164,
            "lp" : -23.91744784,
            "ln" : 49.71320984
        },
        "diff" : {
            "a" : 0.00000097,
            "e" : 0.00009149,
            "I" : -0.00724757 ,
            "L" : 19140.29934243,
            "lp" : 0.45223625,
            "ln" : -0.26852431
        }
    }
}
