{
    "planet" : "Jupiter",
    "mass" : 1.899e27,
    "diameter" : 142984.0,
    "texture" : "../assets/jupiter.jpg",
    "hasBcsf" : true,
    "color" : {
        "r" : 0.545,
        "g" : 0.271,
        "b" : 0.075
    },
    "elements" : {
        "start" : {
            "a" :5.20248019,
            "e" : 0.04853590,
            "I" : 1.29861416,
            "L" : 34.33479152,
            "lp" :14.27495244,
            "ln" : 100.29282654,
            "b" : -0.00012452,
            "c" : 0.06064060,
            "s" : -0.35635438,
            "f" : 38.35125000
        },
        "diff" : {
            "a" :  -0.00002864 ,
            "e" : 0.00018026,
            "I" :  -0.00322699,
            "L" : 3034.90371757,
            "lp" : 0.18199196,
            "ln" : 0.13024619
        }
    }
}
