{
    "planet" : "Jupiter",
    "mass" : 1.899e27,
    "diameter" : 142984.0,
    "texture" : "../assets/jupiter.jpg",
    "elements" : {
        "start" : {
            "a" :5.20248019,
            "e" : 0.04853590,
            "I" : 1.29861416,
            "L" : 34.33479152,
            "lp" :14.27495244,
            "ln" : 100.29282654
        },
        "diff" : {
            "a" :  -0.00002864 ,
            "e" : 0.00018026,
            "I" :  -0.00322699,
            "L" : 3034.90371757,
            "lp" : 0.18199196,
            "ln" : 0.13024619
        }
    }
}
