{
    "planet" : "Saturn",
    "mass" : 5.685e26,
    "diameter" : 120536.0,
    "texture" : "../assets/saturn.jpg",
    "hasBcsf" : true,
    "color" : {
        "r" : 1.0,
        "g" : 0.682,
        "b" : 0.259
    },
    "elements" : {
        "start" : {
            "a" : 9.54149883,
            "e" : 0.05550825,
            "I" : 2.49424102,
            "L" : 50.07571329,
            "lp" :92.86136063,
            "ln" : 113.63998702,
            "b" : 0.00025899,
            "c" : -0.13434469,
            "s" : 0.87320147,
            "f" : 38.35125000
        },
        "diff" : {
            "a" : -0.00003065,
            "e" : -0.00032044,
            "I" : 0.00451969,
            "L" : 1222.11494724,
            "lp" : 0.54179478,
            "ln" : -0.25015002
        }
    }
}
