{
    "planet" : "Saturn",
    "mass" : 5.685e26,
    "diameter" : 120536.0,
    "texture" : "assets/earth.jpg",
    "elements" : {
        "start" : {
            "a" : 9.54149883,
            "e" : 0.05550825,
            "I" : 2.49424102,
            "L" : 50.07571329,
            "lp" :92.86136063,
            "ln" : 113.63998702
        },
        "diff" : {
            "a" : -0.00003065,
            "e" : -0.00032044,
            "I" : 0.00451969,
            "L" : 1222.11494724,
            "lp" : 0.54179478,
            "ln" : -0.25015002
        }
    }
}
