{
    "planet" : "Uranus",
    "mass" : 8.682e25,
    "diameter" : 51118.0,
    "texture" : "../assets/uranus.jpg",
    "hasBcsf" : true,
    "color" : {
        "r" : 0.686,
        "g" : 0.933,
        "b" : 0.933
    },
    "elements" : {
        "start" : {
            "a" :19.18797948,
            "e" : 0.04685740,
            "I" : 0.77298127,
            "L" : 314.20276625,
            "lp" : 172.43404441,
            "ln" : 73.96250215,
            "b" : 0.00058331,
            "c" : -0.97731848 ,
            "s" : 0.17689245,
            "f" : 7.67025000
        },
        "diff" : {
            "a" : -0.00020455 ,
            "e" : -0.00001550,
            "I" : -0.00180155,
            "L" : 428.49512595,
            "lp" : 0.09266985,
            "ln" : 0.05739699
        }
    }
}
