{
    "planet" : "Neptune",
    "mass" : 1.024e26,
    "diameter" : 49528.0,
    "texture" : "../assets/neptune.jpg",
    "hasBcsf" : true,
    "orbitPeriod" : 60225,
    "color" : {
        "r" : 0.365,
        "g" : 0.541,
        "b" : 0.659
    },
    "elements" : {
        "start" : {
            "a" : 30.06952752,
            "e" : 0.00895439,
            "I" : 1.77005520,
            "L" : 304.22289287,
            "lp" : 46.68158724,
            "ln" : 131.78635853,
            "b" : -0.00041348,
            "c" : 0.68346318,
            "s" : -0.10162547,
            "f" : 7.67025000
        },
        "diff" : {
            "a" : 0.00006447,
            "e" : 0.00000818,
            "I" : 0.00022400,
            "L" : 218.46515314,
            "lp" : 0.01009938,
            "ln" :  -0.00606302
        }
    }
}
